{
    "parameters": [
        {
            "expr": "10",
            "name": "L1",
            "value": "10"
        },
        {
            "expr": "30",
            "name": "W1",
            "value": "30"
        },
        {
            "expr": "20",
            "name": "L2",
            "value": "20"
        },
        {
            "expr": "20",
            "name": "W2",
            "value": "20"
        },
        {
            "expr": "48.03/2+l1-l2",
            "name": "L3",
            "value": "14.015"
        },
        {
            "expr": "4",
            "name": "WIDTH",
            "value": "4"
        },
        {
            "expr": "20",
            "name": "LC",
            "value": "20"
        },
        {
            "expr": "5",
            "name": "WC",
            "value": "5"
        },
        {
            "expr": "22",
            "name": "R_1_L1",
            "value": "22"
        },
        {
            "expr": "36",
            "name": "R_1_l2",
            "value": "36"
        },
        {
            "expr": "4",
            "name": "R_2_L1",
            "value": "4"
        },
        {
            "expr": "4",
            "name": "R_2_L2",
            "value": "4"
        },
        {
            "expr": "22",
            "name": "R_3_L1",
            "value": "22"
        },
        {
            "expr": "12",
            "name": "R_3_L2",
            "value": "12"
        },
        {
            "expr": "16",
            "name": "R_4_L1",
            "value": "16"
        },
        {
            "expr": "6",
            "name": "R_4_L2",
            "value": "6"
        },
        {
            "expr": "22",
            "name": "R_5_L1",
            "value": "22"
        },
        {
            "expr": "12",
            "name": "R_5_L2",
            "value": "12"
        },
        {
            "expr": "16",
            "name": "R_6_L1",
            "value": "16"
        },
        {
            "expr": "6",
            "name": "R_6_L2",
            "value": "6"
        }
    ],
    "version": 1
}