{
   "execution": {
      "classname": "SMAPowerByEmagHPCFrame",
      "libname": "SMAPowerByEmagUI"
   },
   "inputVariables": [
      {
         "name": "L1",
         "type": "float",
         "value": 10.0
      },
      {
         "name": "W1",
         "type": "float",
         "value": 30.0
      },
      {
         "name": "L2",
         "type": "float",
         "value": 20.0
      },
      {
         "name": "W2",
         "type": "float",
         "value": 20.0
      },
      {
         "name": "WIDTH",
         "type": "float",
         "value": 4.0
      },
      {
         "name": "LC",
         "type": "float",
         "value": 20.0
      },
      {
         "name": "WC",
         "type": "float",
         "value": 5.0
      },
      {
         "name": "R_1_L1",
         "type": "float",
         "value": 22.0
      },
      {
         "name": "R_1_l2",
         "type": "float",
         "value": 36.0
      },
      {
         "name": "R_2_L1",
         "type": "float",
         "value": 4.0
      },
      {
         "name": "R_2_L2",
         "type": "float",
         "value": 4.0
      },
      {
         "name": "R_3_L1",
         "type": "float",
         "value": 22.0
      },
      {
         "name": "R_3_L2",
         "type": "float",
         "value": 12.0
      },
      {
         "name": "R_4_L1",
         "type": "float",
         "value": 16.0
      },
      {
         "name": "R_4_L2",
         "type": "float",
         "value": 6.0
      },
      {
         "name": "R_5_L1",
         "type": "float",
         "value": 22.0
      },
      {
         "name": "R_5_L2",
         "type": "float",
         "value": 12.0
      },
      {
         "name": "R_6_L1",
         "type": "float",
         "value": 16.0
      },
      {
         "name": "R_6_L2",
         "type": "float",
         "value": 6.0
      }
   ],
   "outputVariables": []
}