<?xml version="1.0" encoding="UTF-8"?>
<SchematicTopology Version="2.5" Seed="1" Grid="25">
    <BasePath>D:\huawei\ML_ICdesign-dev\ML_ICdesign\ML_ICdesign\SimulationServerVBS\DGS_Robust_12_19\Model\Model\DS</BasePath>
    <Block Id="1" ForeignId="61070000" Class="MWSSCHEM" ImageIndex="1">
        <Size Height="225" Width="225"/>
        <Pins Options="" Distribution="Custom">
            <Pin Index="0" Port="0" BlockPosition="Left">
                <Label>1(1)</Label>
            </Pin>
            <Pin Index="1" Port="1" BlockPosition="Right">
                <Label>1(2)</Label>
            </Pin>
            <Pin Index="1" Port="2" BlockPosition="Left">
                <Label>2(1)</Label>
            </Pin>
            <Pin Index="0" Port="3" BlockPosition="Right">
                <Label>2(2)</Label>
            </Pin>
            <Ports>
                <Port Name="1(1)" Label=""/>
                <Port Name="1(2)" Label=""/>
                <Port Name="2(1)" Label=""/>
                <Port Name="2(2)" Label=""/>
            </Ports>
        </Pins>
        <Image FileName="../3D/Model.dib" Scale="AutoFit">
            <Size Height="392" Width="512"/>
        </Image>
        <Pos X="87.5" Y="-37.5"/>
        <ToolTip>CST MICROWAVE STUDIO schematic block MWSSCHEM1</ToolTip>
    </Block>
</SchematicTopology>
